,,FB,GOOG,MSFT
Sales,count,2.0,2.0,2.0
Sales,mean,296.5,160.0,232.0
Sales,std,75.66042558696059,56.568542494923804,152.73506473629428
Sales,min,243.0,120.0,124.0
Sales,25%,269.75,140.0,178.0
Sales,50%,296.5,160.0,232.0
Sales,75%,323.25,180.0,286.0
Sales,max,350.0,200.0,340.0
